link,user,text,fecha,archivo_imagen
https://instagram.com/p/CAVlmuWnvON/,naturiflora,"- 10 d√≠as para el #MHD2020 -

Podr√≠amos abrir el debate... ¬°ABRAMOS EL DEBATE!: Con la diversidad de cuerpas, cuerpos, cuerpes... creo que el mejor producto para la gesti√≥n menstrual es el que m√°s te acomode... Ojal√° pudieramos probarlos todos y quedarnos con el que m√°s nos guste y mezclaros! üêö
Para elegir el m√°s c√≥modo, ser√≠a ideal -como puse arriba- poder probarlos, tener acceso a usar calzones mestruales, toallas (compresas) reutilizables, copas, toda la diversidad de marcas y modelos, como ocurre en el comercio tradicional de toallas, tampones y protectores. Como no es posible probar todo, recurrimos a los consejos y todas podremos entregar nuestra opini√≥n en base a nuestra experiencia, a la vez, considerando lo que para nosotras y nosotros es importane. Entonces, la pregunta la modificamos y la enfocamos en: ¬øel mejor producto para qu√©? ¬øen general? No tenemos una tabla con par√°metros b√°sicos como para evaluar los productos dentro del mercado (la deber√≠amos hacer todo el rato). üêö
""no tienes que dar explicaciones de por qu√© no te has pasado a la copa, o a las tollas de tela, o al nuevo tamp√≥n con aplicador reutilizable creado con elementos nobles y org√°nicos, o a la fil√°ntropa copita wifi que por cada uso salva un ni√±o en Yemen (iron√≠a para les graves)"". üêö
Pueden leer m√°s en el blog La Vagina Feliz (happy as a fuck!), link en el perfil.
#nom√°stab√∫ #menstruacci√≥n #menstrualcup #copitamialuna #copitachile #copamenstrualchile #copitamenstrual #copamialuna #naturiflora es #copamenstrualparatodes #menstruaci√≥nconsciente #mialuna
#copamenstrual #menstruaci√≥n
#periods #periodpositive #notaluxuryitem",MAY 18,../data/img/59.jpg
https://instagram.com/p/B4N0tKXFEvN/,arquitecturaparaelalma,"Hace m√°s de una a√±o tom√© una de las mejores decisiones que he tomado en mi vida, me cambi√© a la copa menstrual. Este peque√±o dispositivo es hecho de silicon flexible quir√∫rgico y su uso es exclusivo para recolectar el sangrado menstrual.
Es sumamente sencillo de utilizar, desde que la uso he notado maravillosos cambios de los cuales me anim√© a mencionar sus beneficios en mi caso personal.
.
VENTAJAS DE LA COPA MENSTRUAL
.
üå±Es ecol√≥gica y cuida el medio ambiente ya que no creas desechos como con las toallas sanitarias.
üå±Ahorras dinero, es econ√≥mica para mi es una inversi√≥n ya que puede durar hasta 10 a√±os y no he vuelto a comprar toallas o sea que mi bolsillo la ama, la compras en 40 o 50 d√≥lares dependiendo la marca, las hay en diferentes marcas, tama√±os, dise√±os y colores.
üå±No m√°s derrames, puedo durar hasta 12 horas con ella puesta ya que no molesta, no se siente incluso hasta olvido que estoy menstruando, cuando se llena simplemente la retiro, la vac√≠o y vuelvo a coloc√°mela.
üå±Cuida tu cuerpo, desde que la uso he notado menos infecciones, eso se debe porque las toallas tradicionales mantienen la humedad y el sudor y los materiales con los que hacen las toallas podr√≠a generar irritaciones ahh y la sangre no tienen mal olor, el mal olor que creemos tener durante el periodo se debe a lo mencionado de las toallas.
üå±Es muy pr√°ctica y f√°cil de higienizar, solo la hierves en agua por unos minutos antes y despu√©s de cada per√≠odo, ojo sin dejar de verla (la puedes quemar si te pasas del tiempo).
üå±Te conecta con tu ciclo, ves tu sangre, la tocas, la puedes oler y ver que tanta sangre tienes en los per√≠odos, de verdad olvidas que la traes puesta, puedes dormir con ella, ir a piscinas, playa, r√≠os. En fin puedes hacer todas tus actividades sin temor.
.
Verdaderamente la recomiendo 100%.
.
Si aun tienes dudas de como se coloca aqu√≠ te dejo el siguiente link para que puedas verlo de una manera sencilla, did√°ctica y pr√°ctica. https://youtu.be/LmYSbFOA-eo
.
.
.
#Copamenstrual #Menstruaccion #Misangreessalud #Micuerpo #Feminidad #Soymujer #Sangromensualmente #Amomicopamenstrual #Divacup #Ciclomenstrual #Conectacontuser #Fuerza #Mujer #copitamenstrual #Periodo #Amor","OCTOBER 29, 2019",../data/img/892.jpg
https://instagram.com/p/B3uCNtEiuCB/,workoutandfitt,"¬øA cu√°ntas mujeres no les pasa que cuando van a tener la regla se sienten sin fuerzas en su entrenamiento?
.
Sentir como si levantar el mismo peso o realizar el mismo ejercicio, te costara el doble, o incluso, sentir que no pueden.
.
Pues en esos d√≠as, es cuando m√°s fuerza tienes que sacar, intentar poner la mente positiva (ya que lo es todo), e ir a entrenar con m√°s ganas que nunca.
Por qu√© nada es imposible y no hay que ponerse l√≠mites. .
Si no.. respirar, levantarte, y comerte el mundo.
.
Si hoy es uno de esos d√≠as...
Respira m√°s fuerte, levantate con la mente de una guerrera, y dale duro, sin contemplaciones.
.
T√∫ mandas sobre ti misma, solo tienes que cambiar el pensamiento, por que...
¬°S√ç PUEDES!
#diasmalos #cambiatumente #changeyourmind #nolimit #nohaylimites #menstruaccion
#noexcuses #guerreras #positivevibes #positivismo #cometeelmundo #mente #ejercicio #entrenamiento #girlsgonestrong #girlstraining #motivation #fitnesstime #fit #estilodevida #streetworkout #strongwomen #healthylive #lifestyle #strongfit #comeon #cuerpomente #fitfam #nopainnogain #fitnessaddict","OCTOBER 17, 2019",../data/img/907.jpg
https://instagram.com/p/B1i9mxNFjHh/,flordelunafeminidadconsciente,"#Repost @economiafeminita (@get_repost)
„Éª„Éª„Éª
En Argentina el desecho de toallitas y tampones genera 132mil toneladas al a√±o de basura no reciclable. El 60% de la composici√≥n de estos productos es pasta fluff, obtenida a partir del monocultivo de una especie de pino para lo que se desmonta selva nativa. Por eso desde @economiafeminita impulsamos el uso de la copa menstrual y toallitas de tela para quienes tienen esa posibilidad y nos sumamos a #actforamazonia. #menstruaccion","AUGUST 24, 2019",../data/img/988.jpg
https://instagram.com/p/Byi57N8AoTU/,mujeresensororidad,"El Miercoles 12 de junio en la Feria del Libro!

Vamos a estar en la Feria del Libro, con Mujeres en Sororidad en la Proyecci√≥n del cortometraje ganador de un Premio Oscar. .
Junto a las creadoras de @killari54 , toallitas y opciones ecol√≥gicas y la Red de Iniciadoras Maggacup! .
Ac√©rcate con tu mam√° y tu abuela, para compartir la peli ganadora y unos mates, dici√©ndole chau #tabu al ciclo menstrual!
.
Vamos a sortear muchas cositas lindas que te van a hacer el ciclo m√°s f√°cil! <3
.
Mi√©rcoles 12/06 a las 17hs. SALA RAUL GALAN - La Feria del Libro Jujuy
.
#menstruaccion #chautabu #periodopositivo #maggacup #sororidad #feminismo #fuerzafemenia #circulodemujeres #yoga #menarca","JUNE 11, 2019",../data/img/1051.jpg
https://instagram.com/p/BRKMlz6FH4n/,bar.biturica,"La banda loca hace regalos posta posta
Les amo üéàüíûüê±
#elplandeluchaempiezaenlacachucha
#menstruaccion","MARCH 3, 2017",../data/img/1392.jpg
https://instagram.com/p/BRJA6v7lDtB/,economiafeminita,"Quer√©s saber cu√°nto cuesta menstruar? En nuestra p√°gina encontras todos los costos, comparaci√≥n con otros pa√≠ses y campa√±a por una menstruacion libre de impuestos. Entra a www.economiafeminita.com Ilustraci√≥n de Belligera. #8m #MenstruAccion #especial #indicetampon","MARCH 2, 2017",../data/img/1393.jpg
